<?xml version="1.0" encoding="UTF-8"?><resultList><result><id>PMC3402849</id><source>PMC</source><pmcid>PMC3402849</pmcid><title>Cellular mechanisms of chemosensitivity in serotonergic raphe neurons.</title><authorList><author><fullName>Pieribone V</fullName><initials>V</initials><lastName>Pieribone</lastName></author><author><fullName>Richerson G</fullName><initials>G</initials><lastName>Richerson</lastName></author><author><fullName>Risso-Bradley S</fullName><initials>S</initials><lastName>Risso-Bradley</lastName></author><author><fullName>Wang W</fullName><initials>W</initials><lastName>Wang</lastName></author></authorList><authorString>Pieribone V, Richerson G, Risso-Bradley S, Wang W.</authorString><journalInfo><issue>Suppl 1</issue><volume>2</volume><journalIssueId>1951727</journalIssueId><dateOfPublication>2001 </dateOfPublication><monthOfPublication>0</monthOfPublication><yearOfPublication>2001</yearOfPublication><journal><title>Respiratory research</title><ISOAbbreviation>Respir. Res.</ISOAbbreviation><medlineAbbreviation>Respir Res</medlineAbbreviation><NLMid>101090633</NLMid><ISSN>1465-9921</ISSN><ESSN>1465-993X</ESSN></journal></journalInfo><pageInfo>6.3-6.3</pageInfo><abstractText> </abstractText><language>eng</language><pubModel>Undetermined</pubModel><pubTypeList><pubType>Journal Article</pubType></pubTypeList><fullTextUrlList><fullTextUrl><availability>Free</availability><availabilityCode>F</availabilityCode><documentStyle>pdf</documentStyle><site>PubMedCentral</site><url>http://www.pubmedcentral.org/articles/PMC3402849/pdf/?tool=EBI</url></fullTextUrl><fullTextUrl><availability>Free</availability><availabilityCode>F</availabilityCode><documentStyle>pdf</documentStyle><site>Europe_PMC</site><url>http://europepmc.org/articles/PMC3402849?pdf=render</url></fullTextUrl><fullTextUrl><availability>Free</availability><availabilityCode>F</availabilityCode><documentStyle>html</documentStyle><site>PubMedCentral</site><url>http://www.pubmedcentral.org/articles/PMC3402849/?tool=EBI</url></fullTextUrl><fullTextUrl><availability>Free</availability><availabilityCode>F</availabilityCode><documentStyle>html</documentStyle><site>Europe_PMC</site><url>http://europepmc.org/articles/PMC3402849</url></fullTextUrl></fullTextUrlList><inEPMC>Y</inEPMC><inPMC>Y</inPMC><citedByCount>0</citedByCount><hasReferences>N</hasReferences><hasTextMinedTerms>Y</hasTextMinedTerms><hasDbCrossReferences>N</hasDbCrossReferences><dateOfCreation>2012-07-27T00:00:00+01:00</dateOfCreation><dateOfRevision>2013-01-16T00:00:00Z</dateOfRevision><luceneScore>519.11865</luceneScore><europepmcUrl>http://europepmc.org/articles/PMC3402849</europepmcUrl></result></resultList>