<?xml version="1.0" encoding="utf-8" ?>

<mets ID="OA-RJ_Broker_mets" OBJID="sword-mets" LABEL="OA-RJ SWORD Item" PROFILE="RJB METS SIP Profile 1.0" xsi:schemaLocation="http://www.loc.gov/METS/ http://www.loc.gov/standards/mets/mets.xsd" xmlns="http://www.loc.gov/METS/" xmlns:xlink="http://www.w3.org/1999/xlink" xmlns:xsi="http://www.w3.org/2001/XMLSchema-instance"><metsHdr CREATEDATE="2013-02-11T15:48:33Z"><agent ROLE="CUSTODIAN" TYPE="ORGANIZATION"><name>OARJ Broker</name></agent></metsHdr><dmdSec ID="sword-mets-dmd-eprint-427" GROUPID="sword-mets-dmd-eprint-427_group-1"><mdWrap LABEL="SWAP Metadata" MDTYPE="OTHER" OTHERMDTYPE="EPDCX" MIMETYPE="text/xml"><xmlData><epdcx:descriptionSet xsi:schemaLocation="http://purl.org/eprint/epdcx/2006-11-16/ http://purl.org/eprint/epdcx/xsd/2006-11-16/epdcx.xsd http://opendepot.org/broker/xsd/1.0 http://opendepot.org/broker/xsd/1.0/oarj.xsd" xmlns:epdcx="http://purl.org/eprint/epdcx/2006-11-16/" xmlns:oarj="http://opendepot.org/broker/xsd/1.0"><epdcx:description epdcx:resourceId="sword-mets-epdcx-1" epdcx:resourceURI="http://devel.edina.ac.uk:1203/427/"><epdcx:statement epdcx:propertyURI="http://purl.org/dc/elements/1.1/type" epdcx:valueURI="http://purl.org/eprint/entityType/ScholarlyWork"></epdcx:statement><epdcx:statement epdcx:propertyURI="http://purl.org/dc/elements/1.1/identifier"><epdcx:valueString>10.1038/nature11837</epdcx:valueString></epdcx:statement><epdcx:statement epdcx:propertyURI="http://purl.org/dc/elements/1.1/title"><epdcx:valueString>The genomic signature of dog domestication reveals adaptation to a starch-rich diet</epdcx:valueString></epdcx:statement><epdcx:statement epdcx:propertyURI="http://purl.org/dc/elements/1.1/creator" epdcx:valueRef="ErikAxelsson"><epdcx:valueString>Axelsson, Erik</epdcx:valueString></epdcx:statement><epdcx:statement epdcx:propertyURI="http://purl.org/dc/elements/1.1/creator" epdcx:valueRef="AbhiramiRatnakumar"><epdcx:valueString>Ratnakumar, Abhirami</epdcx:valueString></epdcx:statement><epdcx:statement epdcx:propertyURI="http://purl.org/dc/elements/1.1/creator" epdcx:valueRef="Maja-LouiseArendt"><epdcx:valueString>Arendt, Maja-Louise</epdcx:valueString></epdcx:statement><epdcx:statement epdcx:propertyURI="http://purl.org/dc/elements/1.1/creator" epdcx:valueRef="KhurramMaqbool"><epdcx:valueString>Maqbool, Khurram</epdcx:valueString></epdcx:statement><epdcx:statement epdcx:propertyURI="http://purl.org/dc/elements/1.1/creator" epdcx:valueRef="MatthewT.Webster"><epdcx:valueString>Webster, Matthew T.</epdcx:valueString></epdcx:statement><epdcx:statement epdcx:propertyURI="http://purl.org/dc/elements/1.1/creator" epdcx:valueRef="OlofLiberg"><epdcx:valueString>Liberg, Olof</epdcx:valueString></epdcx:statement><epdcx:statement epdcx:propertyURI="http://purl.org/dc/elements/1.1/creator" epdcx:valueRef="JonMartinArnemo"><epdcx:valueString>Arnemo, Jon Martin</epdcx:valueString></epdcx:statement><epdcx:statement epdcx:propertyURI="http://purl.org/dc/elements/1.1/creator" epdcx:valueRef="ÅkeHedhammar"><epdcx:valueString>Hedhammar, Åke</epdcx:valueString></epdcx:statement><epdcx:statement epdcx:propertyURI="http://purl.org/dc/elements/1.1/creator" epdcx:valueRef="KerstinLindblad-Toh"><epdcx:valueString>Lindblad-Toh, Kerstin</epdcx:valueString></epdcx:statement><epdcx:statement epdcx:propertyURI="http://purl.org/dc/elements/1.1/creator" epdcx:valueRef="MichelePerloski"><epdcx:valueString>Perloski, Michele</epdcx:valueString></epdcx:statement><epdcx:statement epdcx:propertyURI="http://purl.org/dc/terms/abstract"><epdcx:valueString>The domestication of dogs was an important episode in the development of human civilisation. The precise timing and location of this event is debated1-5 while little is known about the genetic changes that accompanied the transformation of ancient wolves into domestic dogs. Here we conduct whole genome resequencing of dogs and wolves to identify 3.8 million genetic variants used to identify 36 genomic regions that likely represent targets for selection during dog domestication. Nineteen of these regions contain brain genes, eight of which belong to nervous system development pathways and potentially underlie behavioural changes central to dog domestication6. Ten genes with key roles in starch digestion and fat metabolism also show signals of selection. We identify candidate mutations in key genes and provide functional support for an increased starch digestion in dogs relative to wolves. Our results suggest that novel adaptations allowing the early ancestors of modern dogs to thrive on a diet rich in starch, relative to the carnivorous diet of wolves, constituted a crucial step in the early domestication of dogs.</epdcx:valueString></epdcx:statement><epdcx:statement epdcx:propertyURI="http://purl.org/eprint/terms/isExpressedAs" epdcx:valueURI="sword-mets-expr-1"></epdcx:statement></epdcx:description><epdcx:description epdcx:resourceId="sword-mets-expr-1"><epdcx:statement epdcx:propertyURI="http://purl.org/dc/elements/1.1/type" epdcx:vesURI="http://purl.org/eprint/terms/Type" epdcx:valueURI="http://purl.org/eprint/entityType/Expression"></epdcx:statement><epdcx:statement epdcx:propertyURI="http://purl.org/dc/elements/1.1/type" epdcx:valueURI="http://purl.org/eprint/entityType/JournalArticle"></epdcx:statement><epdcx:statement epdcx:propertyURI="http://purl.org/dc/terms/bibliographicCitation"><epdcx:valueString>Nature</epdcx:valueString></epdcx:statement><epdcx:statement epdcx:propertyURI="http://purl.org/dc/elements/1.1/identifier"><epdcx:valueString>http://devel.edina.ac.uk:1203/427/</epdcx:valueString></epdcx:statement><epdcx:statement epdcx:propertyURI="http://purl.org/eprint/terms/status" epdcx:vesURI="http://purl.org/eprint/terms/status" epdcx:valueURI="http://purl.org/eprint/status/PeerReviewed"></epdcx:statement><epdcx:statement epdcx:propertyURI="http://purl.org/dc/elements/1.1/publisher"><epdcx:valueString>nature</epdcx:valueString></epdcx:statement><epdcx:statement epdcx:propertyURI="http://www.loc.gov/loc.terms/relators/EDT"><epdcx:valueString>Nature Publishing Group</epdcx:valueString></epdcx:statement><epdcx:statement epdcx:propertyURI="http://purl.org/dc/terms/available"><epdcx:valueString epdcx:sesURI="http://purl.org/dc/terms/W3CDTF">2013-01-01</epdcx:valueString></epdcx:statement><epdcx:statement epdcx:propertyURI="http://purl.org/eprint/terms/isManifestAs" epdcx:valueURI="sword-mets-manif-1"></epdcx:statement></epdcx:description><epdcx:description epdcx:resourceId="sword-mets-manif-1"><epdcx:statement epdcx:propertyURI="http://purl.org/dc/elements/1.1/type" epdcx:vesURI="http://purl.org/eprint/terms/Type" epdcx:valueURI="http://purl.org/eprint/entityType/Manifest"></epdcx:statement><epdcx:statement epdcx:propertyURI="http://opendepot.org/broker/elements/1.0/publication"><epdcx:valueString>Nature</epdcx:valueString></epdcx:statement><epdcx:statement epdcx:propertyURI="http://purl.org/dc/elements/1.1/type" epdcx:valueURI="http://purl.org/eprint/accessRights/RestrictedAccess"></epdcx:statement></epdcx:description><epdcx:description epdcx:resourceId="ErikAxelsson"><epdcx:statement epdcx:propertyURI="http://purl.org/dc/elements/1.1/Type" epdcx:vesURI="http://purl.org/dc/elements/1.1/Person"></epdcx:statement><epdcx:statement epdcx:propertyURI="http://purl.org/dc/elements/1.1/givenname"><epdcx:valueString>Erik</epdcx:valueString></epdcx:statement><epdcx:statement epdcx:propertyURI="http://purl.org/dc/elements/1.1/familyname"><epdcx:valueString>Axelsson</epdcx:valueString></epdcx:statement><epdcx:statement epdcx:propertyURI="http://xmlns.com/foaf/0.1/mbox"><epdcx:valueString>erik.axelsson@imbim.uu.se</epdcx:valueString></epdcx:statement><epdcx:statement epdcx:propertyURI="http://purl.org/eprint/terms/affiliatedInstitution"><epdcx:valueString>Department of Medical Biochemistry and Microbiology, Box 582, Uppsala, Sweden 75237. Sweden</epdcx:valueString></epdcx:statement></epdcx:description><epdcx:description epdcx:resourceId="AbhiramiRatnakumar"><epdcx:statement epdcx:propertyURI="http://purl.org/dc/elements/1.1/Type" epdcx:vesURI="http://purl.org/dc/elements/1.1/Person"></epdcx:statement><epdcx:statement epdcx:propertyURI="http://purl.org/dc/elements/1.1/givenname"><epdcx:valueString>Abhirami</epdcx:valueString></epdcx:statement><epdcx:statement epdcx:propertyURI="http://purl.org/dc/elements/1.1/familyname"><epdcx:valueString>Ratnakumar</epdcx:valueString></epdcx:statement><epdcx:statement epdcx:propertyURI="http://purl.org/eprint/terms/affiliatedInstitution"><epdcx:valueString>Department of Medical Biochemistry and Microbiology, Box 582, Uppsala, Sweden 75237. Sweden</epdcx:valueString></epdcx:statement></epdcx:description><epdcx:description epdcx:resourceId="Maja-LouiseArendt"><epdcx:statement epdcx:propertyURI="http://purl.org/dc/elements/1.1/Type" epdcx:vesURI="http://purl.org/dc/elements/1.1/Person"></epdcx:statement><epdcx:statement epdcx:propertyURI="http://purl.org/dc/elements/1.1/givenname"><epdcx:valueString>Maja-Louise</epdcx:valueString></epdcx:statement><epdcx:statement epdcx:propertyURI="http://purl.org/dc/elements/1.1/familyname"><epdcx:valueString>Arendt</epdcx:valueString></epdcx:statement><epdcx:statement epdcx:propertyURI="http://purl.org/eprint/terms/affiliatedInstitution"><epdcx:valueString>Department of Medical Biochemistry and Microbiology, Box 582, Uppsala, Sweden 75237. Sweden</epdcx:valueString></epdcx:statement></epdcx:description><epdcx:description epdcx:resourceId="KhurramMaqbool"><epdcx:statement epdcx:propertyURI="http://purl.org/dc/elements/1.1/Type" epdcx:vesURI="http://purl.org/dc/elements/1.1/Person"></epdcx:statement><epdcx:statement epdcx:propertyURI="http://purl.org/dc/elements/1.1/givenname"><epdcx:valueString>Khurram</epdcx:valueString></epdcx:statement><epdcx:statement epdcx:propertyURI="http://purl.org/dc/elements/1.1/familyname"><epdcx:valueString>Maqbool</epdcx:valueString></epdcx:statement><epdcx:statement epdcx:propertyURI="http://purl.org/eprint/terms/affiliatedInstitution"><epdcx:valueString>Department of Medical Biochemistry and Microbiology, Box 582, Uppsala, Sweden 75237. Sweden</epdcx:valueString></epdcx:statement></epdcx:description><epdcx:description epdcx:resourceId="MatthewT.Webster"><epdcx:statement epdcx:propertyURI="http://purl.org/dc/elements/1.1/Type" epdcx:vesURI="http://purl.org/dc/elements/1.1/Person"></epdcx:statement><epdcx:statement epdcx:propertyURI="http://purl.org/dc/elements/1.1/givenname"><epdcx:valueString>Matthew T.</epdcx:valueString></epdcx:statement><epdcx:statement epdcx:propertyURI="http://purl.org/dc/elements/1.1/familyname"><epdcx:valueString>Webster</epdcx:valueString></epdcx:statement><epdcx:statement epdcx:propertyURI="http://purl.org/eprint/terms/affiliatedInstitution"><epdcx:valueString>Department of Medical Biochemistry and Microbiology, Box 582, Uppsala, Sweden 75237. Sweden</epdcx:valueString></epdcx:statement></epdcx:description><epdcx:description epdcx:resourceId="OlofLiberg"><epdcx:statement epdcx:propertyURI="http://purl.org/dc/elements/1.1/Type" epdcx:vesURI="http://purl.org/dc/elements/1.1/Person"></epdcx:statement><epdcx:statement epdcx:propertyURI="http://purl.org/dc/elements/1.1/givenname"><epdcx:valueString>Olof</epdcx:valueString></epdcx:statement><epdcx:statement epdcx:propertyURI="http://purl.org/dc/elements/1.1/familyname"><epdcx:valueString>Liberg</epdcx:valueString></epdcx:statement><epdcx:statement epdcx:propertyURI="http://purl.org/eprint/terms/affiliatedInstitution"><epdcx:valueString>Department of Medical Biochemistry and Microbiology, Box 582, Uppsala, Sweden 75237. Sweden</epdcx:valueString></epdcx:statement></epdcx:description><epdcx:description epdcx:resourceId="JonMartinArnemo"><epdcx:statement epdcx:propertyURI="http://purl.org/dc/elements/1.1/Type" epdcx:vesURI="http://purl.org/dc/elements/1.1/Person"></epdcx:statement><epdcx:statement epdcx:propertyURI="http://purl.org/dc/elements/1.1/givenname"><epdcx:valueString>Jon Martin</epdcx:valueString></epdcx:statement><epdcx:statement epdcx:propertyURI="http://purl.org/dc/elements/1.1/familyname"><epdcx:valueString>Arnemo</epdcx:valueString></epdcx:statement><epdcx:statement epdcx:propertyURI="http://purl.org/eprint/terms/affiliatedInstitution"><epdcx:valueString>Department of Medical Biochemistry and Microbiology, Box 582, Uppsala, Sweden 75237. Sweden</epdcx:valueString></epdcx:statement></epdcx:description><epdcx:description epdcx:resourceId="ÅkeHedhammar"><epdcx:statement epdcx:propertyURI="http://purl.org/dc/elements/1.1/Type" epdcx:vesURI="http://purl.org/dc/elements/1.1/Person"></epdcx:statement><epdcx:statement epdcx:propertyURI="http://purl.org/dc/elements/1.1/givenname"><epdcx:valueString>Åke</epdcx:valueString></epdcx:statement><epdcx:statement epdcx:propertyURI="http://purl.org/dc/elements/1.1/familyname"><epdcx:valueString>Hedhammar</epdcx:valueString></epdcx:statement><epdcx:statement epdcx:propertyURI="http://purl.org/eprint/terms/affiliatedInstitution"><epdcx:valueString>Department of Medical Biochemistry and Microbiology, Box 582, Uppsala, Sweden 75237. Sweden</epdcx:valueString></epdcx:statement></epdcx:description><epdcx:description epdcx:resourceId="KerstinLindblad-Toh"><epdcx:statement epdcx:propertyURI="http://purl.org/dc/elements/1.1/Type" epdcx:vesURI="http://purl.org/dc/elements/1.1/Person"></epdcx:statement><epdcx:statement epdcx:propertyURI="http://purl.org/dc/elements/1.1/givenname"><epdcx:valueString>Kerstin</epdcx:valueString></epdcx:statement><epdcx:statement epdcx:propertyURI="http://purl.org/dc/elements/1.1/familyname"><epdcx:valueString>Lindblad-Toh</epdcx:valueString></epdcx:statement><epdcx:statement epdcx:propertyURI="http://purl.org/eprint/terms/affiliatedInstitution"><epdcx:valueString>Department of Medical Biochemistry and Microbiology, Box 582, Uppsala, Sweden 75237. Sweden</epdcx:valueString></epdcx:statement></epdcx:description><epdcx:description epdcx:resourceId="MichelePerloski"><epdcx:statement epdcx:propertyURI="http://purl.org/dc/elements/1.1/Type" epdcx:vesURI="http://purl.org/dc/elements/1.1/Person"></epdcx:statement><epdcx:statement epdcx:propertyURI="http://purl.org/dc/elements/1.1/givenname"><epdcx:valueString>Michele</epdcx:valueString></epdcx:statement><epdcx:statement epdcx:propertyURI="http://purl.org/dc/elements/1.1/familyname"><epdcx:valueString>Perloski</epdcx:valueString></epdcx:statement><epdcx:statement epdcx:propertyURI="http://purl.org/eprint/terms/affiliatedInstitution"><epdcx:valueString>Department of Medical Biochemistry and Microbiology, Box 582, Uppsala, Sweden 75237. Sweden</epdcx:valueString></epdcx:statement></epdcx:description></epdcx:descriptionSet></xmlData></mdWrap></dmdSec><amdSec ID="sword-mets-adm-1"><rightsMD ID="sword-mets-amdRights-1"><mdWrap MDTYPE="OTHER" OTHERMDTYPE="RJ-BROKER"><xmlData><epdcx:descriptionSet xsi:schemaLocation="http://purl.org/eprint/epdcx/2006-11-16/ http://purl.org/eprint/epdcx/xsd/2006-11-16/epdcx.xsd http://opendepot.org/broker/xsd/1.0 http://opendepot.org/broker/xsd/1.0/oarj.xsd" xmlns:epdcx="http://purl.org/eprint/epdcx/2006-11-16/" xmlns:oarj="http://opendepot.org/broker/xsd/1.0"><epdcx:description epdcx:resourceId="sword-mets-div-8" epdcx:resourceURI="http://devel.edina.ac.uk:1203/427/"><epdcx:statement epdcx:propertyURI="http://purl.org/dc/terms/accessRights" epdcx:vesURI="http://purl.org/eprint/terms/accessRights" epdcx:valueRef="http://purl.org/eprint/accessRights/RestrictedAccess"></epdcx:statement><epdcx:statement epdcx:propertyURI="http://purl.org/dc/terms/available"><epdcx:valueString epdcx:sesURI="http://purl.org/dc/terms/W3CDTF">2013-07-01</epdcx:valueString></epdcx:statement></epdcx:description><epdcx:description epdcx:resourceId="sword-mets-div-6" epdcx:resourceURI="http://devel.edina.ac.uk:1203/427/"><epdcx:statement epdcx:propertyURI="http://purl.org/dc/terms/accessRights" epdcx:vesURI="http://purl.org/eprint/terms/accessRights" epdcx:valueRef="http://purl.org/eprint/accessRights/RestrictedAccess"></epdcx:statement><epdcx:statement epdcx:propertyURI="http://purl.org/dc/terms/available"><epdcx:valueString epdcx:sesURI="http://purl.org/dc/terms/W3CDTF">2013-07-01</epdcx:valueString></epdcx:statement></epdcx:description><epdcx:description epdcx:resourceId="sword-mets-div-4" epdcx:resourceURI="http://devel.edina.ac.uk:1203/427/"><epdcx:statement epdcx:propertyURI="http://purl.org/dc/terms/accessRights" epdcx:vesURI="http://purl.org/eprint/terms/accessRights" epdcx:valueRef="http://purl.org/eprint/accessRights/RestrictedAccess"></epdcx:statement><epdcx:statement epdcx:propertyURI="http://purl.org/dc/terms/available"><epdcx:valueString epdcx:sesURI="http://purl.org/dc/terms/W3CDTF">2013-07-01</epdcx:valueString></epdcx:statement></epdcx:description><epdcx:description epdcx:resourceId="sword-mets-div-3" epdcx:resourceURI="http://devel.edina.ac.uk:1203/427/"><epdcx:statement epdcx:propertyURI="http://purl.org/dc/terms/accessRights" epdcx:vesURI="http://purl.org/eprint/terms/accessRights" epdcx:valueRef="http://purl.org/eprint/accessRights/RestrictedAccess"></epdcx:statement><epdcx:statement epdcx:propertyURI="http://purl.org/dc/terms/available"><epdcx:valueString epdcx:sesURI="http://purl.org/dc/terms/W3CDTF">2013-07-01</epdcx:valueString></epdcx:statement></epdcx:description><epdcx:description epdcx:resourceId="sword-mets-div-5" epdcx:resourceURI="http://devel.edina.ac.uk:1203/427/"><epdcx:statement epdcx:propertyURI="http://purl.org/dc/terms/accessRights" epdcx:vesURI="http://purl.org/eprint/terms/accessRights" epdcx:valueRef="http://purl.org/eprint/accessRights/RestrictedAccess"></epdcx:statement><epdcx:statement epdcx:propertyURI="http://purl.org/dc/terms/available"><epdcx:valueString epdcx:sesURI="http://purl.org/dc/terms/W3CDTF">2013-07-01</epdcx:valueString></epdcx:statement></epdcx:description><epdcx:description epdcx:resourceId="sword-mets-div-2" epdcx:resourceURI="http://devel.edina.ac.uk:1203/427/"><epdcx:statement epdcx:propertyURI="http://purl.org/dc/terms/accessRights" epdcx:vesURI="http://purl.org/eprint/terms/accessRights" epdcx:valueRef="http://purl.org/eprint/accessRights/RestrictedAccess"></epdcx:statement><epdcx:statement epdcx:propertyURI="http://purl.org/dc/terms/available"><epdcx:valueString epdcx:sesURI="http://purl.org/dc/terms/W3CDTF">2013-07-01</epdcx:valueString></epdcx:statement></epdcx:description><epdcx:description epdcx:resourceId="sword-mets-div-7" epdcx:resourceURI="http://devel.edina.ac.uk:1203/427/"><epdcx:statement epdcx:propertyURI="http://purl.org/dc/terms/accessRights" epdcx:vesURI="http://purl.org/eprint/terms/accessRights" epdcx:valueRef="http://purl.org/eprint/accessRights/RestrictedAccess"></epdcx:statement><epdcx:statement epdcx:propertyURI="http://purl.org/dc/terms/available"><epdcx:valueString epdcx:sesURI="http://purl.org/dc/terms/W3CDTF">2013-07-01</epdcx:valueString></epdcx:statement></epdcx:description></epdcx:descriptionSet></xmlData></mdWrap></rightsMD></amdSec><fileSec ID="sword-mets-file-1"><fileGrp ID="sword-mets-fgrp-1" USE="CONTENT"><file ID="eprint-427-document-1007-0" GROUPID="sword-mets-fgid-1007" SIZE="151040" OWNERID="http://devel.edina.ac.uk:1203/427/" MIMETYPE="application/msword"><FLocat LOCTYPE="URL" xlink:type="simple" xlink:href="1007/212076_3_art_0_m1mb4k.doc"></FLocat></file><file ID="eprint-427-document-1008-0" GROUPID="sword-mets-fgid-1008" SIZE="7033376" OWNERID="http://devel.edina.ac.uk:1203/427/" MIMETYPE="application/octet-stream"><FLocat LOCTYPE="URL" xlink:type="simple" xlink:href="1008/212076_3_figure_1787893_m79p7p.eps"></FLocat></file><file ID="eprint-427-document-1009-0" GROUPID="sword-mets-fgid-1009" SIZE="5158392" OWNERID="http://devel.edina.ac.uk:1203/427/" MIMETYPE="application/octet-stream"><FLocat LOCTYPE="URL" xlink:type="simple" xlink:href="1009/212076_3_figure_1787894_mx9p7p.eps"></FLocat></file><file ID="eprint-427-document-1010-0" GROUPID="sword-mets-fgid-1010" SIZE="6345670" OWNERID="http://devel.edina.ac.uk:1203/427/" MIMETYPE="application/octet-stream"><FLocat LOCTYPE="URL" xlink:type="simple" xlink:href="1010/212076_3_figure_1787895_m69p7p.eps"></FLocat></file><file ID="eprint-427-document-1011-0" GROUPID="sword-mets-fgid-1011" SIZE="60114" OWNERID="http://devel.edina.ac.uk:1203/427/" MIMETYPE="application/msword"><FLocat LOCTYPE="URL" xlink:type="simple" xlink:href="1011/212076_3_supp_1787896_mr9475.docx"></FLocat></file><file ID="eprint-427-document-1012-0" GROUPID="sword-mets-fgid-1012" SIZE="4217001" OWNERID="http://devel.edina.ac.uk:1203/427/" MIMETYPE="application/pdf"><FLocat LOCTYPE="URL" xlink:type="simple" xlink:href="1012/212076_3_supp_1787897_mm9m6h.pdf"></FLocat></file><file ID="eprint-427-document-1013-0" GROUPID="sword-mets-fgid-1013" SIZE="8003638" OWNERID="http://devel.edina.ac.uk:1203/427/" MIMETYPE="application/zip"><FLocat LOCTYPE="URL" xlink:type="simple" xlink:href="1013/2012-06-08426C_130207173356.zip"></FLocat></file></fileGrp></fileSec><structMap ID="sword-mets-struct-1" LABEL="structure" TYPE="LOGICAL"><div ID="sword-mets-div-1" DMDID="sword-mets-dmd-eprint-427" TYPE="SWORD Object"><div ID="sword-mets-div-2"><fptr FILEID="eprint-427-document-1007-0"></fptr></div><div ID="sword-mets-div-3"><fptr FILEID="eprint-427-document-1008-0"></fptr></div><div ID="sword-mets-div-4"><fptr FILEID="eprint-427-document-1009-0"></fptr></div><div ID="sword-mets-div-5"><fptr FILEID="eprint-427-document-1010-0"></fptr></div><div ID="sword-mets-div-6"><fptr FILEID="eprint-427-document-1011-0"></fptr></div><div ID="sword-mets-div-7"><fptr FILEID="eprint-427-document-1012-0"></fptr></div><div ID="sword-mets-div-8"><fptr FILEID="eprint-427-document-1013-0"></fptr></div></div></structMap></mets>