<?xml version="1.0" encoding="utf-8" ?>

<mets ID="OA-RJ_Broker_mets" OBJID="sword-mets" LABEL="OA-RJ SWORD Item" PROFILE="RJB METS SIP Profile 1.0" xsi:schemaLocation="http://www.loc.gov/METS/ http://www.loc.gov/standards/mets/mets.xsd" xmlns="http://www.loc.gov/METS/" xmlns:xlink="http://www.w3.org/1999/xlink" xmlns:xsi="http://www.w3.org/2001/XMLSchema-instance"><metsHdr CREATEDATE="2013-06-24T14:49:29Z"><agent ROLE="CUSTODIAN" TYPE="ORGANIZATION"><name>Repository Junction Broker (Dev)</name></agent></metsHdr><dmdSec ID="sword-mets-dmd-eprint-323" GROUPID="sword-mets-dmd-eprint-323_group-1"><mdWrap LABEL="SWAP Metadata" MDTYPE="OTHER" OTHERMDTYPE="EPDCX" MIMETYPE="text/xml"><xmlData><epdcx:descriptionSet xsi:schemaLocation="http://purl.org/eprint/epdcx/2006-11-16/ http://purl.org/eprint/epdcx/xsd/2006-11-16/epdcx.xsd http://opendepot.org/broker/xsd/1.0 http://opendepot.org/broker/xsd/1.0/oarj.xsd" xmlns:epdcx="http://purl.org/eprint/epdcx/2006-11-16/" xmlns:oarj="http://opendepot.org/broker/xsd/1.0"><epdcx:description epdcx:resourceId="sword-mets-epdcx-1" epdcx:resourceURI="http://devel.edina.ac.uk:1203/323/"><epdcx:statement epdcx:propertyURI="http://purl.org/dc/elements/1.1/type" epdcx:valueURI="http://purl.org/eprint/entityType/ScholarlyWork"></epdcx:statement><epdcx:statement epdcx:propertyURI="http://purl.org/dc/elements/1.1/identifier"><epdcx:valueString>PMC3375583</epdcx:valueString></epdcx:statement><epdcx:statement epdcx:propertyURI="http://purl.org/dc/elements/1.1/title"><epdcx:valueString>Investigation of rheumatoid arthritis susceptibility loci in juvenile idiopathic arthritis confirms high degree of overlap.</epdcx:valueString></epdcx:statement><epdcx:statement epdcx:propertyURI="http://purl.org/dc/elements/1.1/creator" epdcx:valueRef="creator_AHinks"><epdcx:valueString>Hinks, A</epdcx:valueString></epdcx:statement><epdcx:statement epdcx:propertyURI="http://purl.org/dc/elements/1.1/creator" epdcx:valueRef="creator_JCobb"><epdcx:valueString>Cobb, J</epdcx:valueString></epdcx:statement><epdcx:statement epdcx:propertyURI="http://purl.org/dc/elements/1.1/creator" epdcx:valueRef="creator_MSudman"><epdcx:valueString>Sudman, M</epdcx:valueString></epdcx:statement><epdcx:statement epdcx:propertyURI="http://purl.org/dc/elements/1.1/creator" epdcx:valueRef="creator_SEyre"><epdcx:valueString>Eyre, S</epdcx:valueString></epdcx:statement><epdcx:statement epdcx:propertyURI="http://purl.org/dc/elements/1.1/creator" epdcx:valueRef="creator_PMartin"><epdcx:valueString>Martin, P</epdcx:valueString></epdcx:statement><epdcx:statement epdcx:propertyURI="http://purl.org/dc/elements/1.1/creator" epdcx:valueRef="creator_EFlynn"><epdcx:valueString>Flynn, E</epdcx:valueString></epdcx:statement><epdcx:statement epdcx:propertyURI="http://purl.org/dc/elements/1.1/creator" epdcx:valueRef="creator_JPackham"><epdcx:valueString>Packham, J</epdcx:valueString></epdcx:statement><epdcx:statement epdcx:propertyURI="http://purl.org/dc/elements/1.1/creator" epdcx:valueRef="creator_ABarton"><epdcx:valueString>Barton, A</epdcx:valueString></epdcx:statement><epdcx:statement epdcx:propertyURI="http://purl.org/dc/elements/1.1/creator" epdcx:valueRef="creator_JWorthington"><epdcx:valueString>Worthington, J</epdcx:valueString></epdcx:statement><epdcx:statement epdcx:propertyURI="http://purl.org/dc/elements/1.1/creator" epdcx:valueRef="creator_CDLangefeld"><epdcx:valueString>Langefeld, CD</epdcx:valueString></epdcx:statement><epdcx:statement epdcx:propertyURI="http://purl.org/dc/elements/1.1/creator" epdcx:valueRef="creator_DNGlass"><epdcx:valueString>Glass, DN</epdcx:valueString></epdcx:statement><epdcx:statement epdcx:propertyURI="http://purl.org/dc/elements/1.1/creator" epdcx:valueRef="creator_SDThompson"><epdcx:valueString>Thompson, SD</epdcx:valueString></epdcx:statement><epdcx:statement epdcx:propertyURI="http://purl.org/dc/elements/1.1/creator" epdcx:valueRef="creator_WThomson"><epdcx:valueString>Thomson, W</epdcx:valueString></epdcx:statement><epdcx:statement epdcx:propertyURI="http://purl.org/dc/terms/abstract"><epdcx:valueString> OBJECTIVES: Rheumatoid arthritis (RA) shares some similar clinical and pathological features with juvenile idiopathic arthritis (JIA); indeed, the strategy of investigating whether RA susceptibility loci also confer susceptibility to JIA has already proved highly successful in identifying novel JIA loci. A plethora of newly validated RA loci has been reported in the past year. Therefore, the aim of this study was to investigate these single nucleotide polymorphisms (SNP) to determine if they were also associated with JIA. METHODS: Thirty-four SNP that showed validated association with RA and had not been investigated previously in the UK JIA cohort were genotyped in JIA cases (n=1242), healthy controls (n=4281), and data were extracted for approximately 5380 UK Caucasian controls from the Wellcome Trust Case-Control Consortium 2. Genotype and allele frequencies were compared between cases with JIA and controls using PLINK. A replication cohort of 813 JIA cases and 3058 controls from the USA was available for validation of any significant findings. RESULTS: Thirteen SNP showed significant association (p&lt;0.05) with JIA and for all but one the direction of association was the same as in RA. Of the eight loci that were tested, three showed significant association in the US cohort. CONCLUSIONS: A novel JIA susceptibility locus was identified, CD247, which represents another JIA susceptibility gene whose protein product is important in T-cell activation and signalling. The authors have also confirmed association of the PTPN2 and IL2RA genes with JIA, both reaching genome-wide significance in the combined analysis.</epdcx:valueString></epdcx:statement><epdcx:statement epdcx:propertyURI="http://www.loc.gov/loc.terms/relators/FND" epdcx:valueRef="funder Wellcome Trust"></epdcx:statement><epdcx:statement epdcx:propertyURI="http://www.loc.gov/loc.terms/relators/FND" epdcx:valueRef="funder NIAMS NIH HHS"></epdcx:statement><epdcx:statement epdcx:propertyURI="http://www.loc.gov/loc.terms/relators/FND" epdcx:valueRef="funder Arthritis Research UK"></epdcx:statement><epdcx:statement epdcx:propertyURI="http://purl.org/eprint/terms/grantNumber" epdcx:valueRef="grant P30-AR-473639"></epdcx:statement><epdcx:statement epdcx:propertyURI="http://purl.org/eprint/terms/grantNumber" epdcx:valueRef="grant N01-AR-42272"></epdcx:statement><epdcx:statement epdcx:propertyURI="http://purl.org/eprint/terms/grantNumber" epdcx:valueRef="grant K23-AR-50177"></epdcx:statement><epdcx:statement epdcx:propertyURI="http://purl.org/eprint/terms/grantNumber" epdcx:valueRef="grant P01-AR048929"></epdcx:statement><epdcx:statement epdcx:propertyURI="http://purl.org/eprint/terms/grantNumber" epdcx:valueRef="grant RC1-AR-058587"></epdcx:statement><epdcx:statement epdcx:propertyURI="http://purl.org/eprint/terms/grantNumber" epdcx:valueRef="grant R01-AR-057106"></epdcx:statement><epdcx:statement epdcx:propertyURI="http://purl.org/eprint/terms/grantNumber" epdcx:valueRef="grant 17552"></epdcx:statement><epdcx:statement epdcx:propertyURI="http://purl.org/eprint/terms/grantNumber" epdcx:valueRef="grant 085475"></epdcx:statement><epdcx:statement epdcx:propertyURI="http://purl.org/eprint/terms/isExpressedAs" epdcx:valueURI="sword-mets-expr-1"></epdcx:statement></epdcx:description><epdcx:description epdcx:resourceId="sword-mets-expr-1"><epdcx:statement epdcx:propertyURI="http://purl.org/dc/elements/1.1/type" epdcx:vesURI="http://purl.org/eprint/terms/Type" epdcx:valueURI="http://purl.org/eprint/entityType/Expression"></epdcx:statement><epdcx:statement epdcx:propertyURI="http://purl.org/dc/elements/1.1/type" epdcx:valueURI="http://purl.org/eprint/entityType/JournalArticle"></epdcx:statement><epdcx:statement epdcx:propertyURI="http://purl.org/dc/terms/bibliographicCitation"><epdcx:valueString>Annals of the rheumatic diseases 71(7), 1117-1121</epdcx:valueString></epdcx:statement><epdcx:statement epdcx:propertyURI="http://purl.org/dc/elements/1.1/identifier"><epdcx:valueString>http://devel.edina.ac.uk:1203/323/</epdcx:valueString></epdcx:statement><epdcx:statement epdcx:propertyURI="http://purl.org/eprint/terms/status" epdcx:vesURI="http://purl.org/eprint/terms/status" epdcx:valueURI="http://purl.org/eprint/status/PeerReviewed"></epdcx:statement><epdcx:statement epdcx:propertyURI="http://www.loc.gov/loc.terms/relators/EDT"><epdcx:valueString>Europe PubMed Central</epdcx:valueString></epdcx:statement><epdcx:statement epdcx:propertyURI="http://purl.org/dc/terms/available"><epdcx:valueString epdcx:sesURI="http://purl.org/dc/terms/W3CDTF">2012-07-01</epdcx:valueString></epdcx:statement><epdcx:statement epdcx:propertyURI="http://purl.org/eprint/terms/isManifestAs" epdcx:valueURI="sword-mets-manif-1"></epdcx:statement></epdcx:description><epdcx:description epdcx:resourceId="sword-mets-manif-1"><epdcx:statement epdcx:propertyURI="http://purl.org/dc/elements/1.1/type" epdcx:vesURI="http://purl.org/eprint/terms/Type" epdcx:valueURI="http://purl.org/eprint/entityType/Manifest"></epdcx:statement><epdcx:statement epdcx:propertyURI="http://opendepot.org/broker/elements/1.0/publication"><epdcx:valueString>Annals of the rheumatic diseases</epdcx:valueString></epdcx:statement><epdcx:statement epdcx:propertyURI="http://opendepot.org/broker/elements/1.0/issn"><epdcx:valueString>0003-4967</epdcx:valueString></epdcx:statement><epdcx:statement epdcx:propertyURI="http://opendepot.org/broker/elements/1.0/volume"><epdcx:valueString>71</epdcx:valueString></epdcx:statement><epdcx:statement epdcx:propertyURI="http://opendepot.org/broker/elements/1.0/issue"><epdcx:valueString>7</epdcx:valueString></epdcx:statement><epdcx:statement epdcx:propertyURI="http://opendepot.org/broker/elements/1.0/pages"><epdcx:valueString>1117-1121</epdcx:valueString></epdcx:statement><epdcx:statement epdcx:propertyURI="http://purl.org/eprint/accessRights/" epdcx:valueURI="http://purl.org/eprint/accessRights/OpenAccess"></epdcx:statement><epdcx:statement epdcx:propertyURI="http://purl.org/eprint/terms/isAvailableAs" epdcx:valueRef="available-doi_url-1"></epdcx:statement><epdcx:statement epdcx:propertyURI="http://purl.org/eprint/terms/isAvailableAs" epdcx:valueRef="available-official_url-1"></epdcx:statement></epdcx:description><epdcx:description epdcx:resourceId="creator_AHinks"><epdcx:statement epdcx:propertyURI="http://purl.org/dc/elements/1.1/Type" epdcx:vesURI="http://purl.org/dc/elements/1.1/Person"></epdcx:statement><epdcx:statement epdcx:propertyURI="http://purl.org/dc/elements/1.1/givenname"><epdcx:valueString>A</epdcx:valueString></epdcx:statement><epdcx:statement epdcx:propertyURI="http://purl.org/dc/elements/1.1/familyname"><epdcx:valueString>Hinks</epdcx:valueString></epdcx:statement></epdcx:description><epdcx:description epdcx:resourceId="creator_JCobb"><epdcx:statement epdcx:propertyURI="http://purl.org/dc/elements/1.1/Type" epdcx:vesURI="http://purl.org/dc/elements/1.1/Person"></epdcx:statement><epdcx:statement epdcx:propertyURI="http://purl.org/dc/elements/1.1/givenname"><epdcx:valueString>J</epdcx:valueString></epdcx:statement><epdcx:statement epdcx:propertyURI="http://purl.org/dc/elements/1.1/familyname"><epdcx:valueString>Cobb</epdcx:valueString></epdcx:statement></epdcx:description><epdcx:description epdcx:resourceId="creator_MSudman"><epdcx:statement epdcx:propertyURI="http://purl.org/dc/elements/1.1/Type" epdcx:vesURI="http://purl.org/dc/elements/1.1/Person"></epdcx:statement><epdcx:statement epdcx:propertyURI="http://purl.org/dc/elements/1.1/givenname"><epdcx:valueString>M</epdcx:valueString></epdcx:statement><epdcx:statement epdcx:propertyURI="http://purl.org/dc/elements/1.1/familyname"><epdcx:valueString>Sudman</epdcx:valueString></epdcx:statement></epdcx:description><epdcx:description epdcx:resourceId="creator_SEyre"><epdcx:statement epdcx:propertyURI="http://purl.org/dc/elements/1.1/Type" epdcx:vesURI="http://purl.org/dc/elements/1.1/Person"></epdcx:statement><epdcx:statement epdcx:propertyURI="http://purl.org/dc/elements/1.1/givenname"><epdcx:valueString>S</epdcx:valueString></epdcx:statement><epdcx:statement epdcx:propertyURI="http://purl.org/dc/elements/1.1/familyname"><epdcx:valueString>Eyre</epdcx:valueString></epdcx:statement></epdcx:description><epdcx:description epdcx:resourceId="creator_PMartin"><epdcx:statement epdcx:propertyURI="http://purl.org/dc/elements/1.1/Type" epdcx:vesURI="http://purl.org/dc/elements/1.1/Person"></epdcx:statement><epdcx:statement epdcx:propertyURI="http://purl.org/dc/elements/1.1/givenname"><epdcx:valueString>P</epdcx:valueString></epdcx:statement><epdcx:statement epdcx:propertyURI="http://purl.org/dc/elements/1.1/familyname"><epdcx:valueString>Martin</epdcx:valueString></epdcx:statement></epdcx:description><epdcx:description epdcx:resourceId="creator_EFlynn"><epdcx:statement epdcx:propertyURI="http://purl.org/dc/elements/1.1/Type" epdcx:vesURI="http://purl.org/dc/elements/1.1/Person"></epdcx:statement><epdcx:statement epdcx:propertyURI="http://purl.org/dc/elements/1.1/givenname"><epdcx:valueString>E</epdcx:valueString></epdcx:statement><epdcx:statement epdcx:propertyURI="http://purl.org/dc/elements/1.1/familyname"><epdcx:valueString>Flynn</epdcx:valueString></epdcx:statement></epdcx:description><epdcx:description epdcx:resourceId="creator_JPackham"><epdcx:statement epdcx:propertyURI="http://purl.org/dc/elements/1.1/Type" epdcx:vesURI="http://purl.org/dc/elements/1.1/Person"></epdcx:statement><epdcx:statement epdcx:propertyURI="http://purl.org/dc/elements/1.1/givenname"><epdcx:valueString>J</epdcx:valueString></epdcx:statement><epdcx:statement epdcx:propertyURI="http://purl.org/dc/elements/1.1/familyname"><epdcx:valueString>Packham</epdcx:valueString></epdcx:statement></epdcx:description><epdcx:description epdcx:resourceId="creator_ABarton"><epdcx:statement epdcx:propertyURI="http://purl.org/dc/elements/1.1/Type" epdcx:vesURI="http://purl.org/dc/elements/1.1/Person"></epdcx:statement><epdcx:statement epdcx:propertyURI="http://purl.org/dc/elements/1.1/givenname"><epdcx:valueString>A</epdcx:valueString></epdcx:statement><epdcx:statement epdcx:propertyURI="http://purl.org/dc/elements/1.1/familyname"><epdcx:valueString>Barton</epdcx:valueString></epdcx:statement></epdcx:description><epdcx:description epdcx:resourceId="creator_JWorthington"><epdcx:statement epdcx:propertyURI="http://purl.org/dc/elements/1.1/Type" epdcx:vesURI="http://purl.org/dc/elements/1.1/Person"></epdcx:statement><epdcx:statement epdcx:propertyURI="http://purl.org/dc/elements/1.1/givenname"><epdcx:valueString>J</epdcx:valueString></epdcx:statement><epdcx:statement epdcx:propertyURI="http://purl.org/dc/elements/1.1/familyname"><epdcx:valueString>Worthington</epdcx:valueString></epdcx:statement></epdcx:description><epdcx:description epdcx:resourceId="creator_CDLangefeld"><epdcx:statement epdcx:propertyURI="http://purl.org/dc/elements/1.1/Type" epdcx:vesURI="http://purl.org/dc/elements/1.1/Person"></epdcx:statement><epdcx:statement epdcx:propertyURI="http://purl.org/dc/elements/1.1/givenname"><epdcx:valueString>CD</epdcx:valueString></epdcx:statement><epdcx:statement epdcx:propertyURI="http://purl.org/dc/elements/1.1/familyname"><epdcx:valueString>Langefeld</epdcx:valueString></epdcx:statement></epdcx:description><epdcx:description epdcx:resourceId="creator_DNGlass"><epdcx:statement epdcx:propertyURI="http://purl.org/dc/elements/1.1/Type" epdcx:vesURI="http://purl.org/dc/elements/1.1/Person"></epdcx:statement><epdcx:statement epdcx:propertyURI="http://purl.org/dc/elements/1.1/givenname"><epdcx:valueString>DN</epdcx:valueString></epdcx:statement><epdcx:statement epdcx:propertyURI="http://purl.org/dc/elements/1.1/familyname"><epdcx:valueString>Glass</epdcx:valueString></epdcx:statement></epdcx:description><epdcx:description epdcx:resourceId="creator_SDThompson"><epdcx:statement epdcx:propertyURI="http://purl.org/dc/elements/1.1/Type" epdcx:vesURI="http://purl.org/dc/elements/1.1/Person"></epdcx:statement><epdcx:statement epdcx:propertyURI="http://purl.org/dc/elements/1.1/givenname"><epdcx:valueString>SD</epdcx:valueString></epdcx:statement><epdcx:statement epdcx:propertyURI="http://purl.org/dc/elements/1.1/familyname"><epdcx:valueString>Thompson</epdcx:valueString></epdcx:statement></epdcx:description><epdcx:description epdcx:resourceId="creator_WThomson"><epdcx:statement epdcx:propertyURI="http://purl.org/dc/elements/1.1/Type" epdcx:vesURI="http://purl.org/dc/elements/1.1/Person"></epdcx:statement><epdcx:statement epdcx:propertyURI="http://purl.org/dc/elements/1.1/givenname"><epdcx:valueString>W</epdcx:valueString></epdcx:statement><epdcx:statement epdcx:propertyURI="http://purl.org/dc/elements/1.1/familyname"><epdcx:valueString>Thomson</epdcx:valueString></epdcx:statement></epdcx:description><epdcx:description epdcx:resourceId="funder Wellcome Trust"><epdcx:statement epdcx:propertyURI="http://www.loc.gov/loc.terms/relators/FND"><epdcx:valueString>Wellcome Trust</epdcx:valueString></epdcx:statement><epdcx:statement epdcx:propertyURI="http://purl.org/eprint/terms/grantNumber"><epdcx:valueString>085475</epdcx:valueString></epdcx:statement></epdcx:description><epdcx:description epdcx:resourceId="funder NIAMS NIH HHS"><epdcx:statement epdcx:propertyURI="http://www.loc.gov/loc.terms/relators/FND"><epdcx:valueString>NIAMS NIH HHS</epdcx:valueString></epdcx:statement><epdcx:statement epdcx:propertyURI="http://purl.org/eprint/terms/grantNumber"><epdcx:valueString>K23-AR-50177</epdcx:valueString></epdcx:statement><epdcx:statement epdcx:propertyURI="http://purl.org/eprint/terms/grantNumber"><epdcx:valueString>N01-AR-42272</epdcx:valueString></epdcx:statement><epdcx:statement epdcx:propertyURI="http://purl.org/eprint/terms/grantNumber"><epdcx:valueString>P01-AR048929</epdcx:valueString></epdcx:statement><epdcx:statement epdcx:propertyURI="http://purl.org/eprint/terms/grantNumber"><epdcx:valueString>P30-AR-473639</epdcx:valueString></epdcx:statement><epdcx:statement epdcx:propertyURI="http://purl.org/eprint/terms/grantNumber"><epdcx:valueString>R01-AR-057106</epdcx:valueString></epdcx:statement><epdcx:statement epdcx:propertyURI="http://purl.org/eprint/terms/grantNumber"><epdcx:valueString>RC1-AR-058587</epdcx:valueString></epdcx:statement></epdcx:description><epdcx:description epdcx:resourceId="funder Arthritis Research UK"><epdcx:statement epdcx:propertyURI="http://www.loc.gov/loc.terms/relators/FND"><epdcx:valueString>Arthritis Research UK</epdcx:valueString></epdcx:statement><epdcx:statement epdcx:propertyURI="http://purl.org/eprint/terms/grantNumber"><epdcx:valueString>17552</epdcx:valueString></epdcx:statement><epdcx:statement epdcx:propertyURI="http://purl.org/eprint/terms/grantNumber"><epdcx:valueString>17552</epdcx:valueString></epdcx:statement></epdcx:description><epdcx:description epdcx:resourceId="grant P30-AR-473639"><epdcx:statement epdcx:propertyURI="http://purl.org/eprint/terms/grantNumber"><epdcx:valueString>P30-AR-473639</epdcx:valueString></epdcx:statement><epdcx:statement epdcx:propertyURI="http://www.loc.gov/loc.terms/relators/FND"><epdcx:valueString>NIAMS NIH HHS</epdcx:valueString></epdcx:statement></epdcx:description><epdcx:description epdcx:resourceId="grant N01-AR-42272"><epdcx:statement epdcx:propertyURI="http://purl.org/eprint/terms/grantNumber"><epdcx:valueString>N01-AR-42272</epdcx:valueString></epdcx:statement><epdcx:statement epdcx:propertyURI="http://www.loc.gov/loc.terms/relators/FND"><epdcx:valueString>NIAMS NIH HHS</epdcx:valueString></epdcx:statement></epdcx:description><epdcx:description epdcx:resourceId="grant K23-AR-50177"><epdcx:statement epdcx:propertyURI="http://purl.org/eprint/terms/grantNumber"><epdcx:valueString>K23-AR-50177</epdcx:valueString></epdcx:statement><epdcx:statement epdcx:propertyURI="http://www.loc.gov/loc.terms/relators/FND"><epdcx:valueString>NIAMS NIH HHS</epdcx:valueString></epdcx:statement></epdcx:description><epdcx:description epdcx:resourceId="grant P01-AR048929"><epdcx:statement epdcx:propertyURI="http://purl.org/eprint/terms/grantNumber"><epdcx:valueString>P01-AR048929</epdcx:valueString></epdcx:statement><epdcx:statement epdcx:propertyURI="http://www.loc.gov/loc.terms/relators/FND"><epdcx:valueString>NIAMS NIH HHS</epdcx:valueString></epdcx:statement></epdcx:description><epdcx:description epdcx:resourceId="grant RC1-AR-058587"><epdcx:statement epdcx:propertyURI="http://purl.org/eprint/terms/grantNumber"><epdcx:valueString>RC1-AR-058587</epdcx:valueString></epdcx:statement><epdcx:statement epdcx:propertyURI="http://www.loc.gov/loc.terms/relators/FND"><epdcx:valueString>NIAMS NIH HHS</epdcx:valueString></epdcx:statement></epdcx:description><epdcx:description epdcx:resourceId="grant R01-AR-057106"><epdcx:statement epdcx:propertyURI="http://purl.org/eprint/terms/grantNumber"><epdcx:valueString>R01-AR-057106</epdcx:valueString></epdcx:statement><epdcx:statement epdcx:propertyURI="http://www.loc.gov/loc.terms/relators/FND"><epdcx:valueString>NIAMS NIH HHS</epdcx:valueString></epdcx:statement></epdcx:description><epdcx:description epdcx:resourceId="grant 17552"><epdcx:statement epdcx:propertyURI="http://purl.org/eprint/terms/grantNumber"><epdcx:valueString>17552</epdcx:valueString></epdcx:statement><epdcx:statement epdcx:propertyURI="http://www.loc.gov/loc.terms/relators/FND"><epdcx:valueString>Arthritis Research UK</epdcx:valueString></epdcx:statement></epdcx:description><epdcx:description epdcx:resourceId="grant 085475"><epdcx:statement epdcx:propertyURI="http://purl.org/eprint/terms/grantNumber"><epdcx:valueString>085475</epdcx:valueString></epdcx:statement><epdcx:statement epdcx:propertyURI="http://www.loc.gov/loc.terms/relators/FND"><epdcx:valueString>Wellcome Trust</epdcx:valueString></epdcx:statement></epdcx:description><epdcx:description epdcx:resourceId="available-doi_url-1" epdcx:resourceUrl="http://dx.doi.org/10.1136/annrheumdis-2011-200814"><epdcx:statement epdcx:propertyURI="http://purl.org/dc/elements/1.1/type" epdcx:valueURI="http://purl.org/eprint/entityType/Copy"></epdcx:statement></epdcx:description><epdcx:description epdcx:resourceId="available-official_url-1" epdcx:resourceUrl="http://europepmc.org/articles/PMC3375583"><epdcx:statement epdcx:propertyURI="http://purl.org/dc/elements/1.1/type" epdcx:valueURI="http://purl.org/eprint/entityType/Copy"></epdcx:statement></epdcx:description></epdcx:descriptionSet></xmlData></mdWrap></dmdSec><amdSec ID="sword-mets-adm-1"><rightsMD ID="sword-mets-amdRights-1"><mdWrap MDTYPE="OTHER" OTHERMDTYPE="RJ-BROKER"><xmlData><epdcx:descriptionSet xsi:schemaLocation="http://purl.org/eprint/epdcx/2006-11-16/ http://purl.org/eprint/epdcx/xsd/2006-11-16/epdcx.xsd http://opendepot.org/broker/xsd/1.0 http://opendepot.org/broker/xsd/1.0/oarj.xsd" xmlns:epdcx="http://purl.org/eprint/epdcx/2006-11-16/" xmlns:oarj="http://opendepot.org/broker/xsd/1.0"></epdcx:descriptionSet></xmlData></mdWrap></rightsMD></amdSec><fileSec ID="sword-mets-file-1"><fileGrp ID="sword-mets-fgrp-1" USE="CONTENT"><file ID="eprint-323-document-780-0" GROUPID="sword-mets-fgid-780" SIZE="11453" OWNERID="http://devel.edina.ac.uk:1203/323/" MIMETYPE="text/xml"><FLocat LOCTYPE="URL" xlink:type="simple" xlink:href="780/PMC3375583.xml"></FLocat></file></fileGrp></fileSec><structMap ID="sword-mets-struct-1" LABEL="structure" TYPE="LOGICAL"><div ID="sword-mets-div-1" DMDID="sword-mets-dmd-eprint-323" TYPE="SWORD Object"><div ID="sword-mets-div-2"><fptr FILEID="eprint-323-document-780-0"></fptr></div></div></structMap></mets>