<?xml version="1.0" encoding="utf-8" ?>

<mets ID="OA-RJ_Broker_mets" OBJID="sword-mets" LABEL="OA-RJ SWORD Item" PROFILE="RJB METS SIP Profile 1.0" xsi:schemaLocation="http://www.loc.gov/METS/ http://www.loc.gov/standards/mets/mets.xsd" xmlns="http://www.loc.gov/METS/" xmlns:xlink="http://www.w3.org/1999/xlink" xmlns:xsi="http://www.w3.org/2001/XMLSchema-instance"><metsHdr CREATEDATE="2013-06-24T14:59:53Z"><agent ROLE="CUSTODIAN" TYPE="ORGANIZATION"><name>Repository Junction Broker (Dev)</name></agent></metsHdr><dmdSec ID="sword-mets-dmd-eprint-467" GROUPID="sword-mets-dmd-eprint-467_group-1"><mdWrap LABEL="SWAP Metadata" MDTYPE="OTHER" OTHERMDTYPE="EPDCX" MIMETYPE="text/xml"><xmlData><epdcx:descriptionSet xsi:schemaLocation="http://purl.org/eprint/epdcx/2006-11-16/ http://purl.org/eprint/epdcx/xsd/2006-11-16/epdcx.xsd http://opendepot.org/broker/xsd/1.0 http://opendepot.org/broker/xsd/1.0/oarj.xsd" xmlns:epdcx="http://purl.org/eprint/epdcx/2006-11-16/" xmlns:oarj="http://opendepot.org/broker/xsd/1.0"><epdcx:description epdcx:resourceId="sword-mets-epdcx-1" epdcx:resourceURI="http://devel.edina.ac.uk:1203/467/"><epdcx:statement epdcx:propertyURI="http://purl.org/dc/elements/1.1/type" epdcx:valueURI="http://purl.org/eprint/entityType/ScholarlyWork"></epdcx:statement><epdcx:statement epdcx:propertyURI="http://purl.org/dc/elements/1.1/identifier"><epdcx:valueString>PMC3402849</epdcx:valueString></epdcx:statement><epdcx:statement epdcx:propertyURI="http://purl.org/dc/elements/1.1/title"><epdcx:valueString>Cellular mechanisms of chemosensitivity in serotonergic raphe neurons.</epdcx:valueString></epdcx:statement><epdcx:statement epdcx:propertyURI="http://purl.org/dc/elements/1.1/creator" epdcx:valueRef="creator_VPieribone"><epdcx:valueString>Pieribone, V</epdcx:valueString></epdcx:statement><epdcx:statement epdcx:propertyURI="http://purl.org/dc/elements/1.1/creator" epdcx:valueRef="creator_GRicherson"><epdcx:valueString>Richerson, G</epdcx:valueString></epdcx:statement><epdcx:statement epdcx:propertyURI="http://purl.org/dc/elements/1.1/creator" epdcx:valueRef="creator_SRisso-Bradley"><epdcx:valueString>Risso-Bradley, S</epdcx:valueString></epdcx:statement><epdcx:statement epdcx:propertyURI="http://purl.org/dc/elements/1.1/creator" epdcx:valueRef="creator_WWang"><epdcx:valueString>Wang, W</epdcx:valueString></epdcx:statement><epdcx:statement epdcx:propertyURI="http://purl.org/dc/terms/abstract"><epdcx:valueString> </epdcx:valueString></epdcx:statement><epdcx:statement epdcx:propertyURI="http://purl.org/eprint/terms/isExpressedAs" epdcx:valueURI="sword-mets-expr-1"></epdcx:statement></epdcx:description><epdcx:description epdcx:resourceId="sword-mets-expr-1"><epdcx:statement epdcx:propertyURI="http://purl.org/dc/elements/1.1/type" epdcx:vesURI="http://purl.org/eprint/terms/Type" epdcx:valueURI="http://purl.org/eprint/entityType/Expression"></epdcx:statement><epdcx:statement epdcx:propertyURI="http://purl.org/dc/elements/1.1/type" epdcx:valueURI="http://purl.org/eprint/entityType/JournalArticle"></epdcx:statement><epdcx:statement epdcx:propertyURI="http://purl.org/dc/terms/bibliographicCitation"><epdcx:valueString>Respiratory research 2(Suppl ), 6.3-6.3</epdcx:valueString></epdcx:statement><epdcx:statement epdcx:propertyURI="http://purl.org/dc/elements/1.1/identifier"><epdcx:valueString>http://devel.edina.ac.uk:1203/467/</epdcx:valueString></epdcx:statement><epdcx:statement epdcx:propertyURI="http://purl.org/eprint/terms/status" epdcx:vesURI="http://purl.org/eprint/terms/status" epdcx:valueURI="http://purl.org/eprint/status/PeerReviewed"></epdcx:statement><epdcx:statement epdcx:propertyURI="http://www.loc.gov/loc.terms/relators/EDT"><epdcx:valueString>Europe PubMed Central</epdcx:valueString></epdcx:statement><epdcx:statement epdcx:propertyURI="http://purl.org/dc/terms/available"><epdcx:valueString epdcx:sesURI="http://purl.org/dc/terms/W3CDTF">2001-00-01</epdcx:valueString></epdcx:statement><epdcx:statement epdcx:propertyURI="http://purl.org/eprint/terms/isManifestAs" epdcx:valueURI="sword-mets-manif-1"></epdcx:statement></epdcx:description><epdcx:description epdcx:resourceId="sword-mets-manif-1"><epdcx:statement epdcx:propertyURI="http://purl.org/dc/elements/1.1/type" epdcx:vesURI="http://purl.org/eprint/terms/Type" epdcx:valueURI="http://purl.org/eprint/entityType/Manifest"></epdcx:statement><epdcx:statement epdcx:propertyURI="http://opendepot.org/broker/elements/1.0/publication"><epdcx:valueString>Respiratory research</epdcx:valueString></epdcx:statement><epdcx:statement epdcx:propertyURI="http://opendepot.org/broker/elements/1.0/issn"><epdcx:valueString>1465-9921</epdcx:valueString></epdcx:statement><epdcx:statement epdcx:propertyURI="http://opendepot.org/broker/elements/1.0/volume"><epdcx:valueString>2</epdcx:valueString></epdcx:statement><epdcx:statement epdcx:propertyURI="http://opendepot.org/broker/elements/1.0/issue"><epdcx:valueString>Suppl </epdcx:valueString></epdcx:statement><epdcx:statement epdcx:propertyURI="http://opendepot.org/broker/elements/1.0/pages"><epdcx:valueString>6.3-6.3</epdcx:valueString></epdcx:statement><epdcx:statement epdcx:propertyURI="http://purl.org/eprint/accessRights/" epdcx:valueURI="http://purl.org/eprint/accessRights/OpenAccess"></epdcx:statement><epdcx:statement epdcx:propertyURI="http://purl.org/eprint/terms/isAvailableAs" epdcx:valueRef="available-related_url-2"></epdcx:statement><epdcx:statement epdcx:propertyURI="http://purl.org/eprint/terms/isAvailableAs" epdcx:valueRef="available-related_url-4"></epdcx:statement><epdcx:statement epdcx:propertyURI="http://purl.org/eprint/terms/isAvailableAs" epdcx:valueRef="available-related_url-3"></epdcx:statement><epdcx:statement epdcx:propertyURI="http://purl.org/eprint/terms/isAvailableAs" epdcx:valueRef="available-related_url-1"></epdcx:statement><epdcx:statement epdcx:propertyURI="http://purl.org/eprint/terms/isAvailableAs" epdcx:valueRef="available-official_url-1"></epdcx:statement></epdcx:description><epdcx:description epdcx:resourceId="creator_VPieribone"><epdcx:statement epdcx:propertyURI="http://purl.org/dc/elements/1.1/Type" epdcx:vesURI="http://purl.org/dc/elements/1.1/Person"></epdcx:statement><epdcx:statement epdcx:propertyURI="http://purl.org/dc/elements/1.1/givenname"><epdcx:valueString>V</epdcx:valueString></epdcx:statement><epdcx:statement epdcx:propertyURI="http://purl.org/dc/elements/1.1/familyname"><epdcx:valueString>Pieribone</epdcx:valueString></epdcx:statement></epdcx:description><epdcx:description epdcx:resourceId="creator_GRicherson"><epdcx:statement epdcx:propertyURI="http://purl.org/dc/elements/1.1/Type" epdcx:vesURI="http://purl.org/dc/elements/1.1/Person"></epdcx:statement><epdcx:statement epdcx:propertyURI="http://purl.org/dc/elements/1.1/givenname"><epdcx:valueString>G</epdcx:valueString></epdcx:statement><epdcx:statement epdcx:propertyURI="http://purl.org/dc/elements/1.1/familyname"><epdcx:valueString>Richerson</epdcx:valueString></epdcx:statement></epdcx:description><epdcx:description epdcx:resourceId="creator_SRisso-Bradley"><epdcx:statement epdcx:propertyURI="http://purl.org/dc/elements/1.1/Type" epdcx:vesURI="http://purl.org/dc/elements/1.1/Person"></epdcx:statement><epdcx:statement epdcx:propertyURI="http://purl.org/dc/elements/1.1/givenname"><epdcx:valueString>S</epdcx:valueString></epdcx:statement><epdcx:statement epdcx:propertyURI="http://purl.org/dc/elements/1.1/familyname"><epdcx:valueString>Risso-Bradley</epdcx:valueString></epdcx:statement></epdcx:description><epdcx:description epdcx:resourceId="creator_WWang"><epdcx:statement epdcx:propertyURI="http://purl.org/dc/elements/1.1/Type" epdcx:vesURI="http://purl.org/dc/elements/1.1/Person"></epdcx:statement><epdcx:statement epdcx:propertyURI="http://purl.org/dc/elements/1.1/givenname"><epdcx:valueString>W</epdcx:valueString></epdcx:statement><epdcx:statement epdcx:propertyURI="http://purl.org/dc/elements/1.1/familyname"><epdcx:valueString>Wang</epdcx:valueString></epdcx:statement></epdcx:description><epdcx:description epdcx:resourceId="available-official_url-1" epdcx:resourceUrl="http://europepmc.org/articles/PMC3402849"><epdcx:statement epdcx:propertyURI="http://purl.org/dc/elements/1.1/type" epdcx:valueURI="http://purl.org/eprint/entityType/Copy"></epdcx:statement></epdcx:description><epdcx:description epdcx:resourceId="available-related_url-1" epdcx:resourceUrl="http://www.pubmedcentral.org/articles/PMC3402849/pdf/?tool=EBI"><epdcx:statement epdcx:propertyURI="http://purl.org/dc/elements/1.1/type" epdcx:valueURI="http://purl.org/eprint/entityType/Copy"></epdcx:statement><epdcx:statement epdcx:propertyURI="http://purl.org/dc/terms/accessRights" epdcx:valueURI="http://purl.org/eprint/accessRights/openAcess"><epdcx:valueString>Free</epdcx:valueString></epdcx:statement><epdcx:statement epdcx:propertyURI="http://opendepot.org/reference/rjb/site"><epdcx:valueString>PubMedCentral</epdcx:valueString></epdcx:statement><epdcx:statement epdcx:propertyURI="http://opendepot.org/reference/rjb/format"><epdcx:valueString>pdf</epdcx:valueString></epdcx:statement></epdcx:description><epdcx:description epdcx:resourceId="available-related_url-2" epdcx:resourceUrl="http://europepmc.org/articles/PMC3402849?pdf=render"><epdcx:statement epdcx:propertyURI="http://purl.org/dc/elements/1.1/type" epdcx:valueURI="http://purl.org/eprint/entityType/Copy"></epdcx:statement><epdcx:statement epdcx:propertyURI="http://purl.org/dc/terms/accessRights" epdcx:valueURI="http://purl.org/eprint/accessRights/openAcess"><epdcx:valueString>Free</epdcx:valueString></epdcx:statement><epdcx:statement epdcx:propertyURI="http://opendepot.org/reference/rjb/site"><epdcx:valueString>Europe_PMC</epdcx:valueString></epdcx:statement><epdcx:statement epdcx:propertyURI="http://opendepot.org/reference/rjb/format"><epdcx:valueString>pdf</epdcx:valueString></epdcx:statement></epdcx:description><epdcx:description epdcx:resourceId="available-related_url-3" epdcx:resourceUrl="http://www.pubmedcentral.org/articles/PMC3402849/?tool=EBI"><epdcx:statement epdcx:propertyURI="http://purl.org/dc/elements/1.1/type" epdcx:valueURI="http://purl.org/eprint/entityType/Copy"></epdcx:statement><epdcx:statement epdcx:propertyURI="http://purl.org/dc/terms/accessRights" epdcx:valueURI="http://purl.org/eprint/accessRights/openAcess"><epdcx:valueString>Free</epdcx:valueString></epdcx:statement><epdcx:statement epdcx:propertyURI="http://opendepot.org/reference/rjb/site"><epdcx:valueString>PubMedCentral</epdcx:valueString></epdcx:statement><epdcx:statement epdcx:propertyURI="http://opendepot.org/reference/rjb/format"><epdcx:valueString>html</epdcx:valueString></epdcx:statement></epdcx:description><epdcx:description epdcx:resourceId="available-related_url-4" epdcx:resourceUrl="http://europepmc.org/articles/PMC3402849"><epdcx:statement epdcx:propertyURI="http://purl.org/dc/elements/1.1/type" epdcx:valueURI="http://purl.org/eprint/entityType/Copy"></epdcx:statement><epdcx:statement epdcx:propertyURI="http://purl.org/dc/terms/accessRights" epdcx:valueURI="http://purl.org/eprint/accessRights/openAcess"><epdcx:valueString>Free</epdcx:valueString></epdcx:statement><epdcx:statement epdcx:propertyURI="http://opendepot.org/reference/rjb/site"><epdcx:valueString>Europe_PMC</epdcx:valueString></epdcx:statement><epdcx:statement epdcx:propertyURI="http://opendepot.org/reference/rjb/format"><epdcx:valueString>html</epdcx:valueString></epdcx:statement></epdcx:description></epdcx:descriptionSet></xmlData></mdWrap></dmdSec><amdSec ID="sword-mets-adm-1"><rightsMD ID="sword-mets-amdRights-1"><mdWrap MDTYPE="OTHER" OTHERMDTYPE="RJ-BROKER"><xmlData><epdcx:descriptionSet xsi:schemaLocation="http://purl.org/eprint/epdcx/2006-11-16/ http://purl.org/eprint/epdcx/xsd/2006-11-16/epdcx.xsd http://opendepot.org/broker/xsd/1.0 http://opendepot.org/broker/xsd/1.0/oarj.xsd" xmlns:epdcx="http://purl.org/eprint/epdcx/2006-11-16/" xmlns:oarj="http://opendepot.org/broker/xsd/1.0"></epdcx:descriptionSet></xmlData></mdWrap></rightsMD></amdSec><fileSec ID="sword-mets-file-1"><fileGrp ID="sword-mets-fgrp-1" USE="CONTENT"><file ID="eprint-467-document-1053-0" GROUPID="sword-mets-fgid-1053" SIZE="2685" OWNERID="http://devel.edina.ac.uk:1203/467/" MIMETYPE="text/xml"><FLocat LOCTYPE="URL" xlink:type="simple" xlink:href="1053/PMC3402849.xml"></FLocat></file></fileGrp></fileSec><structMap ID="sword-mets-struct-1" LABEL="structure" TYPE="LOGICAL"><div ID="sword-mets-div-1" DMDID="sword-mets-dmd-eprint-467" TYPE="SWORD Object"><div ID="sword-mets-div-2"><fptr FILEID="eprint-467-document-1053-0"></fptr></div></div></structMap></mets>